{
  "tests": [
    {
      "name": "Compilation Test",
      "setup": "",
      "run": "javac inclass2.java",
      "input": "",
      "output": "",
      "comparison": "included",
      "timeout": 10,
      "points": 10
    },
    {
      "name": "Test Compilation",
      "setup": "javac inclass2.java",
      "run": "javac InClass2Test.java",
      "input": "",
      "output": "",
      "comparison": "included",
      "timeout": 10,
      "points": 5
    },
    {
      "name": "Basic Positive Values Test",
      "setup": "javac inclass2.java",
      "run": "echo '10\n5' | java inclass2",
      "input": "",
      "output": "The force applied to the object is 50.0 N.",
      "comparison": "included",
      "timeout": 10,
      "points": 10
    },
    {
      "name": "Decimal Values Test",
      "setup": "javac inclass2.java",
      "run": "echo '2.5\n4.2' | java inclass2",
      "input": "",
      "output": "The force applied to the object is 10.5 N.",
      "comparison": "included",
      "timeout": 10,
      "points": 10
    },
    {
      "name": "Zero Acceleration Test",
      "setup": "javac inclass2.java",
      "run": "echo '5\n0' | java inclass2",
      "input": "",
      "output": "The force applied to the object is 0.0 N.",
      "comparison": "included",
      "timeout": 10,
      "points": 10
    },
    {
      "name": "Zero Mass Test",
      "setup": "javac inclass2.java",
      "run": "echo '0\n10' | java inclass2",
      "input": "",
      "output": "The force applied to the object is 0.0 N.",
      "comparison": "included",
      "timeout": 10,
      "points": 10
    },
    {
      "name": "Large Values Test",
      "setup": "javac inclass2.java",
      "run": "echo '1000\n9.8' | java inclass2",
      "input": "",
      "output": "The force applied to the object is 9800.0 N.",
      "comparison": "included",
      "timeout": 10,
      "points": 10
    },
    {
      "name": "Small Decimal Values Test",
      "setup": "javac inclass2.java",
      "run": "echo '0.1\n0.5' | java inclass2",
      "input": "",
      "output": "The force applied to the object is 0.05 N.",
      "comparison": "included",
      "timeout": 10,
      "points": 10
    },
    {
      "name": "Negative Acceleration Test",
      "setup": "javac inclass2.java",
      "run": "echo '5\n-2' | java inclass2",
      "input": "",
      "output": "The force applied to the object is -10.0 N.",
      "comparison": "included",
      "timeout": 10,
      "points": 10
    },
    {
      "name": "Prompt Messages Test",
      "setup": "javac inclass2.java",
      "run": "echo '1\n1' | java inclass2",
      "input": "",
      "output": "Please enter the mass of the object (kg):",
      "comparison": "included",
      "timeout": 10,
      "points": 5
    },
    {
      "name": "Output Format Test",
      "setup": "javac inclass2.java",
      "run": "echo '1\n1' | java inclass2",
      "input": "",
      "output": "Please enter the acceleration of the object (m/s^2):",
      "comparison": "included",
      "timeout": 10,
      "points": 5
    },
    {
      "name": "Comprehensive Test Suite",
      "setup": "javac inclass2.java && javac InClass2Test.java",
      "run": "java InClass2Test",
      "input": "",
      "output": "All tests passed!",
      "comparison": "included",
      "timeout": 30,
      "points": 5
    }
  ]
}
